Keyword,Intent,Volume,Trend,Keyword Difficulty,CPC (USD),SERP Features,Number of Results
what is a color analysis,Informational,390,"0.54,0.44,0.81,0.54,0.81,1.00,1.00,0.66,0.66,0.66,0.66,0.81",41,0.22,"Sitelinks, AI Overview, Image, Video, Video carousel, Short videos, Related searches",1170000000
what is color analysis,Informational,390,"0.55,0.67,0.82,0.67,1.00,0.82,0.82,0.67,0.82,1.00,0.55,0.55",51,0.59,"Sitelinks, Image, Video, People also ask, Knowledge panel, Related searches",1460000000
how to do color analysis,Informational,320,"0.67,0.67,0.67,0.67,0.67,1.00,0.83,0.67,0.56,0.67,0.56,0.67",39,0.74,"Sitelinks, AI Overview, Image pack, Video, Video carousel, People also ask, Discussions and forums, Related searches",1230000000
is color analysis like color theory,"Informational, Commercial",260,"1.00,0.00,0.00,0.00,0.00,0.00,0.00",23,0.00,"Sitelinks, AI Overview, Video, Discussions and forums, Related searches",307000000
how much is a color analysis,"Informational, Commercial",210,"0.65,0.80,1.00,0.65,0.80,0.65,0.80,0.80,0.80,0.65,0.52,0.52",3,1.23,"Sitelinks, AI Overview, Image, Image pack, Video, Related searches, Popular products",1020000000
how much does a color analysis cost,Informational,170,"0.82,0.82,0.82,0.82,1.00,1.00,0.82,1.00,1.00,1.00,0.82,0.66",7,0.83,"Featured snippet, Sitelinks, Image pack, Video, People also ask, Related searches, Popular products",10
what is my color analysis,Informational,170,"0.65,0.54,0.80,0.54,0.80,0.80,0.80,0.65,0.65,1.00,0.80,0.80",39,0.80,"Sitelinks, AI Overview, Video, Related searches",1450000000
where can i get color analysis done,Transactional,170,"1.00,0.02,0.02,0.03,0.05,0.05,0.05,0.03,0.03,0.02,0.02,0.02",47,1.10,"Sitelinks, Image pack, Video, People also ask, Local pack, Discussions and forums, Related searches",786000000
how to do your own color analysis,Informational,140,"0.83,0.63,1.00,0.83,1.00,1.00,1.00,0.63,0.83,0.63,0.63,0.51",28,0.66,"Sitelinks, AI Overview, Image, Video, Video carousel, Discussions and forums, Related searches",1200000000
where to get color analysis done,Informational,140,"0.35,0.42,0.53,1.00,1.00,0.65,0.65,0.65,0.42,0.42,0.42,0.53",,1.18,"Sitelinks, AI Overview, Video, Discussions and forums, Related searches",630000000
how to do a color analysis,Informational,110,"0.25,0.07,0.80,0.41,1.00,0.52,0.52,0.34,0.34,0.18,0.18,0.52",38,0.72,"Sitelinks, Image pack, Video, Video carousel, People also ask, Discussions and forums, Related searches",1420000000
how to do color analysis on yourself,Informational,110,"0.52,0.29,0.64,0.64,0.82,1.00,1.00,0.82,0.52,0.29,0.41,0.64",21,0.81,"Sitelinks, AI Overview, Video, Video carousel, Discussions and forums, Related searches",252000000
how to get a color analysis,Informational,110,"0.29,0.52,1.00,0.52,0.82,0.65,0.65,0.65,0.52,0.52,0.52,0.40",37,1.04,"Sitelinks, AI Overview, Video, People also ask, Discussions and forums, Related searches",1680000000
what season am i color analysis,Informational,110,"0.46,0.62,1.00,0.46,0.77,0.77,0.62,0.62,0.62,0.62,0.77,0.62",35,0.63,"Sitelinks, AI Overview, Image pack, Video, Discussions and forums, Related searches",851000000
where to get a color analysis,Informational,110,"0.79,0.50,0.79,0.79,0.79,0.64,0.79,1.00,1.00,0.64,0.35,0.50",48,1.04,"Sitelinks, Video, Video carousel, People also ask, Local pack, Discussions and forums, Related searches",1350000000
where to get a color analysis near me,Transactional,110,"0.23,0.33,0.33,0.66,1.00,0.80,0.66,0.23,1.00,0.66,0.66,0.66",21,0.89,"Sitelinks, AI Overview, Video, People also ask, Knowledge panel, Related searches",904000000
how much does color analysis cost,Informational,90,"0.65,0.65,0.79,0.49,1.00,0.79,1.00,0.79,0.79,0.65,0.49,0.65",10,0.00,"Sitelinks, AI Overview, Image, Image pack, Video, Related searches",588000000
is color analysis real,Informational,90,"0.53,0.41,0.83,0.53,0.65,0.83,1.00,0.53,0.29,0.41,0.41,0.53",37,0.00,"Sitelinks, AI Overview, Image, Image pack, Video, Video carousel, People also ask, Discussions and forums",
is color analysis worth it,Informational,90,"0.64,0.50,0.78,0.50,1.00,0.78,0.64,0.64,0.50,0.78,0.50,0.50",8,0.00,"Sitelinks, Image, Image pack, Video, People also ask, Discussions and forums, Related searches",421000000
what's my color analysis,Informational,90,"0.35,0.35,0.78,0.50,0.06,0.63,0.78,0.63,1.00,0.78,0.63,0.63",43,0.60,"Sitelinks, Video, Discussions and forums, Related searches",1060000000
where can i get a color analysis done near me,Transactional,90,"0.64,0.64,0.64,0.64,1.00,1.00,1.00,0.29,0.11,0.17,0.17,0.11",22,0.00,"Sitelinks, Video, People also ask, Local pack, Related searches",402000000
how it feels to be colored me analysis,Informational,70,"0.47,0.32,0.47,0.63,0.63,0.79,0.63,0.21,0.11,0.32,0.79,1.00",9,0.00,"AI Overview, Image, Video, People also ask, Ads top",22200000
how much is color analysis,Informational,70,"0.62,0.45,0.62,0.45,1.00,0.62,1.00,0.81,0.45,0.62,0.62,0.45",3,0.00,"Sitelinks, AI Overview, Image pack, Video, Related searches",1020000000
how to become a color analysis consultant,Informational,70,"1.00,0.17,0.64,0.17,0.41,0.41,0.52,0.52,0.17,0.11,0.11,0.17",7,1.12,"Sitelinks, AI Overview, Video, People also ask, Discussions and forums, Related searches",101000000
how to do a color analysis on yourself,Informational,70,"0.14,0.64,1.00,0.64,0.50,0.50,0.64,0.50,0.50,0.64,0.50,0.29",38,0.80,"Sitelinks, AI Overview, Video, Video carousel, Discussions and forums, Related searches",243000000
how to do color analysis with chat gpt,Informational,70,"0.36,0.36,1.00,0.64,1.00,1.00,1.00,0.45,0.18,0.18,0.18,0.18",24,0.00,"AI Overview, Image, Video, Video carousel, Short videos, Discussions and forums, Related searches",26700000
how long does a color analysis take,Informational,50,"0.14,1.00,0.78,0.14,0.14,0.28,0.14,0.14,0.14,0.14,0.14,0.14",14,0.00,"Sitelinks, AI Overview, Video, People also ask, Related searches",1200000000
how to ask chat gpt for color analysis,Informational,50,"0.09,0.09,0.09,0.09,0.09,0.52,1.00,0.42,0.09,0.09,0.09,0.09",25,0.00,"Sitelinks, Image, Video, Video carousel, People also ask, Related searches",19200000
how to ask chatgpt for color analysis,Informational,50,"0.09,0.00,0.00,0.09,0.00,0.09,0.09,0.52,1.00,0.80,0.14,0.09",24,0.00,"Sitelinks, AI Overview, Image, Video, People also ask, Discussions and forums, Related searches",72400000
how to color analysis yourself,Informational,50,"0.54,0.54,0.54,0.54,0.75,0.54,1.00,0.75,0.00,0.75,0.75,0.75",13,0.82,"Sitelinks, AI Overview, Image, Image pack, Video, Video carousel, People also ask, Discussions and forums, Related searches",10
what color analysis am i,Informational,50,"0.29,0.29,0.29,0.29,1.00,0.64,0.64,0.11,0.11,0.11,0.11,0.11",36,0.66,"Sitelinks, AI Overview, Image pack, Video, Related searches",907000000
where can i get a color analysis,Informational,50,"0.11,0.11,0.11,0.29,0.29,0.17,0.29,0.41,0.64,0.23,0.29,1.00",51,0.82,"Sitelinks, Video, Local pack, Discussions and forums, Related searches",1280000000
where to buy color analysis drapes,Transactional,50,"0.07,0.07,1.00,0.15,0.26,0.19,0.19,0.15,0.07,0.11,0.07,0.11",0,0.51,"AI Overview, Image, Image pack, Video, Discussions and forums, Related searches, Popular products",2260000
where to get color analysis,Transactional,50,"0.18,0.18,1.00,0.18,0.36,0.63,0.45,0.36,0.81,0.36,0.27,0.36",49,0.81,"Sitelinks, Video, Local pack, Discussions and forums, Related searches",1330000000
how much do color analysis cost,Informational,40,"0.27,0.27,0.27,0.27,0.42,1.00,0.27,1.00,0.73,1.00,1.00,1.00",6,0.00,"Featured snippet, Sitelinks, Image pack, Video, People also ask, Related searches",9
how to do a color analysis on chat gpt,Informational,40,"0.36,0.36,0.27,0.45,0.63,0.18,1.00,0.18,0.18,0.18,0.18,0.18",30,0.00,"AI Overview, Image, Video, Video carousel, People also ask, Discussions and forums, Related searches",26200000
how to figure out your color analysis,Informational,40,"0.18,0.18,1.00,1.00,0.36,0.36,0.45,0.27,0.27,0.18,0.27,0.27",42,0.79,"Sitelinks, AI Overview, Video, Discussions and forums, Related searches",1210000000
how to find your color analysis,Informational,40,"0.36,0.36,0.45,0.18,0.18,0.18,1.00,0.18,0.18,0.18,0.18,0.36",41,0.65,"Sitelinks, AI Overview, Image, Image pack, Video, Video carousel, Discussions and forums, Related searches",1040000000
what is color theory analysis,Informational,40,"0.00,0.00,0.00,0.00,0.00,0.00,1.00,0.05,0.05,0.05,0.05,0.05",39,0.00,"Sitelinks, AI Overview, Image pack, Video, Related searches",334000000
what's my color analysis quiz,,40,"1.00,0.28,0.50,0.14,0.50,0.28,0.14,0.50,0.14,0.14,0.14,0.14",,0.62,,
where can i get a color analysis done,Transactional,40,"0.32,0.21,0.44,0.44,0.44,0.44,0.32,0.44,0.21,1.00,0.76,0.44",31,1.12,"Sitelinks, Video, Local pack, Discussions and forums, Related searches",658000000
where to get a color analysis done,Transactional,40,"0.18,0.18,1.00,0.27,0.18,0.18,0.36,0.63,0.18,0.18,0.18,0.18",47,0.81,"Sitelinks, Image, Video, Local pack, Discussions and forums, Related searches",751000000
where to get color analysis done near me,Transactional,40,"0.22,0.22,0.22,0.22,0.33,0.56,0.78,0.44,0.78,1.00,0.44,0.33",23,1.38,"Sitelinks, Video, People also ask, Local pack, Related searches, Ads bottom",604000000
do you tip for color analysis,,30,"0.00,0.00,0.18,1.00,0.81,0.18,0.18,0.18,0.18,0.18,0.18,0.18",,0.00,,
how much does it cost to get a color analysis,,30,"0.80,0.40,1.00,0.40,0.60,0.40,1.00,1.00,0.80,0.40,0.40,0.40",,0.00,,
how to become a color analysis,,30,"0.40,0.40,0.40,0.60,0.40,0.40,0.60,0.40,0.60,0.60,1.00,0.40",,0.00,,
how to color analysis,Informational,30,"0.18,0.18,0.18,1.00,0.18,0.18,0.18,0.18,0.18,0.18,0.18,0.18",39,0.74,"Sitelinks, AI Overview, Image, Video, Video carousel, Discussions and forums, Related searches",1280000000
how to do a color analysis at home,Informational,30,"0.18,0.18,0.18,0.18,0.18,0.18,1.00,0.18,0.18,0.18,0.18,0.18",12,0.83,"Sitelinks, AI Overview, Image pack, Video, Video carousel, People also ask, Discussions and forums, Related searches",10
how to do a color analysis with chat gpt,,30,"0.29,0.29,0.43,0.29,1.00,1.00,0.29,0.57,0.29,0.29,0.29,0.29",,0.00,,
how to do color analysis at home,Informational,30,"0.14,0.14,0.14,0.14,0.14,1.00,0.14,0.14,0.14,0.14,0.14,0.14",23,0.85,"Sitelinks, AI Overview, Video, Video carousel, Discussions and forums, Related searches",1050000000
how to do color analysis on facetune,,30,"0.81,0.09,0.09,0.09,0.09,0.09,1.00,0.18,0.18,0.18,0.18,0.18",,0.00,,
how to do color analysis with chatgpt,,30,"0.18,0.18,0.18,0.18,0.18,0.18,0.18,0.18,1.00,0.27,0.18,0.18",,0.00,,
how to get a color analysis online free,,30,"0.00,0.00,0.00,0.00,1.00,0.11,0.11,0.11,0.11,0.11,0.11,0.11",,0.00,,
how to get certified in color analysis,Informational,30,"0.40,0.40,0.40,0.40,0.80,0.80,1.00,0.80,0.60,0.40,0.60,0.60",8,1.01,"Featured snippet, Sitelinks, Video, Discussions and forums, Related searches",10
how to get color analysis done,Informational,30,"0.40,0.80,1.00,0.60,0.60,0.60,0.40,0.40,0.40,0.40,0.60,0.80",31,0.98,"Sitelinks, AI Overview, Image, Video, Video carousel, Discussions and forums, Related searches",648000000
how to use chat gpt for color analysis,,30,"0.17,0.17,0.64,0.17,0.36,0.45,1.00,0.17,0.17,0.17,0.17,0.17",,0.00,,
what are the color palettes for color analysis,,30,"0.22,1.00,0.77,0.22,0.22,0.22,0.44,0.22,0.22,0.22,0.22,0.22",,0.00,,
what are the seasons color analysis,,30,"0.00,0.00,0.00,0.63,0.18,0.18,0.63,0.63,0.18,0.18,1.00,0.18",,0.41,,
what is my season color analysis,,30,"0.14,1.00,0.14,1.00,0.71,0.28,0.14,1.00,0.14,0.14,0.71,0.28",,0.53,,
what is my seasonal color analysis,Informational,30,"1.00,1.00,1.00,1.00,1.00,1.00,1.00,1.00,1.00,1.00,1.00,0.00",38,0.96,"Sitelinks, AI Overview, Image pack, Video, Video carousel, Related searches",192000000
what season am i color analysis quiz,Informational,30,"1.00,1.00,1.00,1.00,1.00,1.00,1.00,1.00,1.00,1.00,1.00,1.00",6,0.52,"Sitelinks, Image, Video, Related searches",102000000
where can i get a color analysis near me,,30,"0.80,0.80,0.80,0.40,0.40,0.40,0.40,0.40,0.40,0.80,0.80,1.00",,1.33,,
where can i get my color analysis done,Informational,30,"1.00,0.18,0.18,0.27,0.18,0.18,0.18,0.18,0.18,0.18,0.27,0.18",42,1.11,"Sitelinks, AI Overview, Image, Video, People also ask, Discussions and forums, Related searches",335000000
where can i get my color analysis done near me,,30,"0.40,0.40,0.40,0.60,0.80,0.60,0.40,0.60,0.60,0.80,0.80,1.00",,0.98,,
who does color analysis near me,,30,"0.40,0.40,0.40,0.40,0.60,0.40,0.60,0.80,1.00,0.80,0.80,0.60",,0.00,,
why is color analysis so expensive,,30,"1.00,0.75,0.50,0.50,1.00,0.50,1.00,0.50,0.50,0.50,0.50,0.75",,0.00,,
a color analysis,,20,"1.00,1.00,1.00,1.00,1.00,1.00,1.00,1.00,1.00,1.00,1.00,1.00",,0.00,,
are color analysis worth it,,20,"1.00,1.00,1.00,1.00,1.00,1.00,1.00,1.00,1.00,1.00,1.00,1.00",,0.00,,
can chat gpt do color analysis,,20,"0.66,0.66,0.66,0.66,0.66,1.00,1.00,0.66,0.66,0.66,0.00,0.66",,0.00,,
can chatgpt do a color analysis,,20,"0.00,0.00,0.00,0.00,0.00,0.40,0.60,0.40,0.40,1.00,0.40,0.40",,0.00,,
can chatgpt do color analysis,,20,"0.66,0.66,0.66,0.66,0.66,0.66,1.00,1.00,1.00,0.66,0.66,0.66",,0.00,,
can i do my own color analysis,,20,"1.00,1.00,1.00,1.00,1.00,1.00,1.00,1.00,1.00,1.00,1.00,1.00",,0.99,,
can you do color analysis on yourself,,20,"1.00,1.00,1.00,1.00,1.00,1.00,1.00,1.00,1.00,1.00,1.00,1.00",,0.00,,
can you do your own color analysis,,20,"1.00,1.00,1.00,1.00,1.00,1.00,1.00,1.00,1.00,1.00,1.00,1.00",,0.00,,
do a color analysis,,20,"1.00,1.00,1.00,1.00,1.00,1.00,1.00,1.00,1.00,1.00,1.00,1.00",,0.75,,
do my color analysis,,20,"1.00,1.00,1.00,1.00,1.00,1.00,1.00,1.00,1.00,1.00,1.00,1.00",,0.92,,
do you tip color analysis,,20,"1.00,1.00,1.00,1.00,1.00,1.00,1.00,1.00,1.00,1.00,1.00,1.00",,0.00,,
do your own color analysis,,20,"1.00,1.00,1.00,1.00,1.00,1.00,1.00,1.00,1.00,1.00,1.00,1.00",,0.79,,
does color analysis actually work,,20,"1.00,1.00,1.00,1.00,1.00,1.00,1.00,1.00,1.00,1.00,1.00,0.00",,0.00,,
does color analysis work,,20,"1.00,1.00,1.00,1.00,1.00,1.00,1.00,1.00,1.00,1.00,1.00,1.00",,0.00,,
does seasonal color analysis work,,20,"1.00,1.00,1.00,1.00,1.00,1.00,1.00,1.00,1.00,1.00,0.00,1.00",,0.00,,
does sephora do color analysis,,20,"0.00,0.00,0.00,0.00,0.00,0.00,0.00,0.00,1.00,0.11,0.11,0.11",,0.00,,
how can i do my own color analysis,,20,"1.00,1.00,1.00,1.00,1.00,1.00,1.00,1.00,1.00,1.00,1.00,1.00",,0.00,,
how do i do a color analysis,,20,"1.00,1.00,1.00,1.00,1.00,1.00,1.00,1.00,1.00,1.00,1.00,1.00",,0.00,,
how do i figure out my color analysis,,20,"1.00,1.00,1.00,1.00,1.00,1.00,1.00,1.00,1.00,1.00,1.00,1.00",,1.50,,
how do i get a color analysis,,20,"1.00,1.00,1.00,1.00,1.00,1.00,1.00,1.00,1.00,1.00,1.00,1.00",,1.18,,
how do i know my color analysis,,20,"1.00,1.00,1.00,1.00,1.00,1.00,1.00,1.00,1.00,1.00,1.00,1.00",,0.66,,
how do you do a color analysis,,20,"1.00,1.00,1.00,1.00,1.00,1.00,1.00,1.00,1.00,1.00,1.00,1.00",,0.00,,
how do you do a color analysis on yourself,,20,"1.00,1.00,1.00,1.00,1.00,1.00,1.00,1.00,1.00,1.00,1.00,1.00",,0.00,,
how does color analysis work,,20,"0.50,0.50,0.50,0.75,0.50,0.50,0.50,0.75,0.50,1.00,0.50,0.50",,0.00,,
how it feels to be colored me essay analysis,,20,"1.00,1.00,1.00,1.00,1.00,1.00,1.00,0.00,0.00,1.00,1.00,1.00",,0.00,,
how it feels to be colored me rhetorical analysis,,20,"1.00,1.00,1.00,1.00,1.00,1.00,1.00,0.00,1.00,1.00,1.00,1.00",,0.00,,
how much are color analysis,,20,"1.00,1.00,1.00,1.00,1.00,1.00,1.00,1.00,1.00,1.00,1.00,1.00",,0.00,,
how much does a personal color analysis cost,,20,"1.00,1.00,1.00,1.00,1.00,1.00,1.00,1.00,1.00,1.00,1.00,1.00",,0.00,,
how much does color analysis cost in korea,,20,"1.00,1.00,1.00,1.00,1.00,1.00,1.00,1.00,1.00,1.00,1.00,1.00",,0.00,,
how much does personal color analysis cost,,20,"1.00,1.00,1.00,0.00,1.00,1.00,1.00,1.00,1.00,1.00,1.00,1.00",,0.00,,
how much is a color analysis in korea,,20,"1.00,1.00,1.00,1.00,1.00,1.00,1.00,1.00,1.00,1.00,1.00,1.00",,0.00,,
how much is a color analysis near me,,20,"0.00,1.00,1.00,1.00,1.00,1.00,1.00,1.00,1.00,1.00,1.00,1.00",,0.00,,
how much is a house of color analysis,,20,"1.00,1.00,1.00,1.00,1.00,1.00,1.00,1.00,1.00,1.00,1.00,1.00",,0.00,,
how much is a personal color analysis,,20,"1.00,1.00,1.00,1.00,1.00,1.00,1.00,1.00,1.00,1.00,0.00,1.00",,0.00,,
how much is a personal color analysis in korea,,20,"0.00,1.00,1.00,1.00,1.00,1.00,1.00,1.00,0.00,1.00,0.00,1.00",,0.00,,
how much is color analysis in korea,,20,"1.00,1.00,1.00,1.00,1.00,1.00,1.00,1.00,1.00,1.00,1.00,1.00",,0.00,,
how much is house of color analysis,,20,"0.66,0.66,0.66,0.66,0.66,1.00,0.66,0.66,0.66,0.66,0.66,0.66",,0.00,,
how much is it to get a color analysis,,20,"1.00,1.00,1.00,1.00,1.00,1.00,1.00,1.00,1.00,1.00,1.00,1.00",,0.00,,
how much is it to get a color analysis done,,20,"0.00,0.00,0.00,0.18,1.00,0.18,0.18,0.18,0.18,0.18,0.18,0.18",,0.00,,
how to ask chat gpt color analysis,,20,"0.00,0.00,0.66,1.00,0.66,0.66,0.66,0.66,0.66",,0.00,,
how to chat gpt color analysis,,20,"1.00,1.00,1.00,1.00,1.00,1.00,1.00,1.00,1.00,1.00,1.00,1.00",,0.00,,
how to color analysis chatgpt,,20,"1.00,1.00,1.00,1.00,1.00,1.00,1.00,1.00,1.00,1.00,1.00,1.00",,0.00,,
how to color analysis myself,,20,"1.00,1.00,1.00,0.00,0.00,1.00,1.00,0.00,1.00,1.00,1.00,1.00",,0.00,,
how to color analysis using chatgpt,,20,"0.00,1.00,1.00,1.00,1.00,1.00,1.00,1.00,1.00,1.00,1.00,0.00",,0.00,,
how to determine color analysis,,20,"1.00,1.00,1.00,1.00,1.00,1.00,1.00,1.00,1.00,1.00,1.00,1.00",,0.81,,
how to determine seasonal color analysis,,20,"1.00,1.00,1.00,1.00,1.00,1.00,1.00,1.00,1.00,1.00,1.00,1.00",,0.00,,
how to determine your color analysis,,20,"1.00,1.00,1.00,1.00,1.00,1.00,1.00,1.00,1.00,1.00,1.00,1.00",,0.75,,
how to diy color analysis,,20,"1.00,1.00,1.00,1.00,1.00,1.00,1.00,1.00,1.00,1.00,1.00,1.00",,0.00,,
how to do a color analysis with chatgpt,,20,"1.00,1.00,1.00,1.00,1.00,1.00,1.00,1.00,1.00,1.00,1.00,0.00",,0.00,,
how to do a free color analysis,,20,"1.00,1.00,1.00,1.00,1.00,1.00,1.00,1.00,1.00,1.00,1.00,1.00",,0.00,,
how to do a personal color analysis,,20,"1.00,1.00,1.00,1.00,1.00,1.00,1.00,1.00,1.00,1.00,1.00,1.00",,0.00,,
how to do a self color analysis,,20,"1.00,1.00,1.00,1.00,1.00,1.00,1.00,1.00,1.00,1.00,1.00,1.00",,0.00,,
how to do ai color analysis,,20,"1.00,1.00,1.00,1.00,1.00,1.00,1.00,1.00,1.00,1.00,1.00,1.00",,0.00,,
how to do an at home color analysis,,20,"0.50,0.50,0.50,0.50,0.50,0.50,1.00,0.50,1.00,0.50,0.50,0.50",,0.89,,
how to do at home color analysis,,20,"1.00,1.00,1.00,1.00,1.00,1.00,1.00,1.00,1.00,1.00,1.00,1.00",,0.00,,
how to do chatgpt color analysis,,20,"1.00,1.00,1.00,1.00,1.00,1.00,1.00,1.00,1.00,0.50,1.00,1.00",,0.00,,
how to do color analysis chat gpt,,20,"1.00,1.00,1.00,1.00,1.00,1.00,1.00,1.00,1.00,0.00,0.00,1.00",,0.00,,
how to do color analysis on chat gpt,,20,"1.00,1.00,1.00,1.00,1.00,1.00,1.00,1.00,1.00,1.00,1.00,1.00",,0.00,,
how to do color analysis on myself,,20,"1.00,1.00,1.00,1.00,1.00,1.00,1.00,1.00,1.00,1.00,1.00,1.00",,0.00,,
how to do color analysis on self,,20,"1.00,1.00,1.00,1.00,1.00,1.00,1.00,1.00,1.00,1.00,1.00,1.00",,0.00,,
how to do color analysis on yourself reddit,,20,"1.00,1.00,1.00,1.00,1.00,1.00,1.00,1.00,0.00,1.00,1.00,0.00",,0.00,,
how to do color analysis online,,20,"1.00,1.00,1.00,1.00,1.00,1.00,1.00,1.00,1.00,1.00,1.00,1.00",,0.69,,
how to do color analysis using chatgpt,,20,"1.00,1.00,1.00,1.00,1.00,1.00,1.00,1.00,1.00,1.00,1.00,1.00",,0.00,,
how to do color analysis with ai,,20,"1.00,1.00,1.00,1.00,1.00,1.00,1.00,1.00,1.00,1.00,1.00,1.00",,0.00,,
how to do my color analysis,,20,"1.00,1.00,1.00,1.00,1.00,1.00,1.00,1.00,1.00,1.00,1.00,1.00",,0.87,,
how to do my own color analysis,,20,"1.00,0.67,0.67,0.67,0.67,0.67,0.67,0.67,0.67,0.67,0.67,0.67",,0.68,,
how to do personal color analysis,,20,"1.00,1.00,1.00,1.00,1.00,1.00,1.00,1.00,1.00,1.00,1.00,1.00",,0.00,,
how to do self color analysis,,20,"1.00,1.00,1.00,1.00,1.00,1.00,1.00,1.00,1.00,1.00,1.00,1.00",,0.00,,
how to do your color analysis,,20,"1.00,1.00,1.00,1.00,1.00,1.00,1.00,1.00,1.00,1.00,1.00,1.00",,0.54,,
how to do your color analysis at home,,20,"1.00,1.00,1.00,1.00,1.00,1.00,1.00,1.00,1.00,1.00,1.00,1.00",,0.00,,
how to do your color analysis with chatgpt,,20,"1.00,1.00,1.00,1.00,1.00,1.00,1.00,1.00,1.00,1.00,1.00,1.00",,0.00,,
how to do your own color analysis at home,,20,"0.00,0.00,0.28,0.28,1.00,0.28,0.28,0.57,0.28,0.28,0.28,0.28",,0.46,,
how to do your own color analysis quiz,,20,"1.00,1.00,1.00,1.00,1.00,1.00,1.00,1.00,1.00,1.00,1.00,1.00",,0.00,,
how to figure out color analysis,,20,"1.00,1.00,1.00,1.00,1.00,1.00,1.00,1.00,1.00,1.00,1.00,1.00",,0.60,,
how to figure out my color analysis,,20,"1.00,1.00,1.00,1.00,1.00,1.00,1.00,1.00,1.00,1.00,1.00,1.00",,0.77,,
how to find color analysis,,20,"0.50,0.50,1.00,0.50,0.50,0.50,0.50,0.50,0.50,0.50,0.50,0.50",,0.87,,
how to find my color analysis,,20,"1.00,1.00,1.00,1.00,1.00,1.00,1.00,1.00,1.00,1.00,1.00,1.00",,0.79,,
how to find out your color analysis,,20,"1.00,1.00,1.00,1.00,1.00,1.00,1.00,1.00,1.00,1.00,1.00,1.00",,0.70,,
how to find your season color analysis,,20,"1.00,1.00,1.00,1.00,1.00,1.00,1.00,1.00,1.00,1.00,1.00,1.00",,0.00,,
how to find your seasonal color analysis,,20,"1.00,1.00,1.00,1.00,1.00,1.00,0.00,1.00,0.00,0.00,1.00,1.00",,0.00,,
how to get a color analysis done,,20,"1.00,0.67,0.67,0.67,0.67,0.67,0.67,0.67,0.67,1.00,0.67,1.00",,1.08,,
how to get a color analysis from chatgpt,,20,"1.00,1.00,1.00,1.00,1.00,1.00,1.00,1.00,1.00,1.00,1.00,1.00",,0.00,,
how to get a free color analysis,,20,"1.00,1.00,1.00,1.00,1.00,1.00,1.00,1.00,1.00,1.00,1.00,1.00",,0.75,,
how to get a personal color analysis,,20,"1.00,1.00,1.00,1.00,1.00,1.00,1.00,1.00,1.00,1.00,1.00,1.00",,0.00,,
how to get a professional color analysis,,20,"1.00,1.00,1.00,1.00,1.00,1.00,1.00,1.00,1.00,1.00,1.00,0.00",,0.00,,
how to get chatgpt to do color analysis,,20,"1.00,1.00,1.00,1.00,1.00,1.00,1.00,1.00,1.00,1.00,1.00,1.00",,0.00,,
how to get color analysis,,20,"1.00,0.67,0.67,0.67,1.00,0.67,0.67,0.67,0.67,0.67,0.67,0.67",,0.86,,
how to get color analysis certified,,20,"0.00,1.00,1.00,1.00,1.00,1.00,1.00,1.00,1.00,1.00",,1.78,,
how to get color analysis with chatgpt,,20,"0.00,1.00,1.00,1.00,1.00,1.00,1.00,1.00",,0.00,,
how to get my color analysis done,,20,"1.00,1.00,1.00,1.00,1.00,1.00,1.00,1.00,1.00,1.00,1.00,1.00",,0.00,,
how to get your color analysis,,20,"1.00,0.74,0.49,0.49,0.49,0.49,0.49,0.49,0.49,0.49,0.49,0.49",,0.96,,
how to get your color analysis done,,20,"0.40,0.40,0.40,0.40,1.00,0.40,0.40,0.40,0.40,0.40,0.40,0.40",,0.97,,
how to know color analysis,,20,"1.00,1.00,1.00,1.00,1.00,1.00,1.00,1.00,1.00,1.00,1.00,1.00",,1.14,,
how to know my color analysis,,20,"1.00,1.00,1.00,1.00,1.00,1.00,1.00,1.00,1.00,1.00,1.00,1.00",,0.80,,
how to know your color analysis,,20,"1.00,1.00,1.00,1.00,1.00,1.00,1.00,1.00,1.00,1.00,1.00,1.00",,0.41,,
how to learn color analysis,,20,"1.00,1.00,1.00,1.00,1.00,1.00,1.00,1.00,1.00,1.00,1.00,1.00",,0.75,,
how to tell color analysis,,20,"1.00,1.00,1.00,1.00,1.00,1.00,1.00,1.00,1.00,1.00,1.00,1.00",,0.00,,
how to tell your color analysis,,20,"1.00,1.00,1.00,1.00,1.00,1.00,1.00,1.00,1.00,1.00,1.00,1.00",,0.58,,
how to use ai for color analysis,,20,"1.00,1.00,1.00,1.00,1.00,1.00,1.00,1.00,1.00,1.00,1.00,1.00",,1.53,,
how to use ai to do color analysis,,20,"1.00,1.00,1.00,1.00,1.00,1.00,1.00,1.00,1.00,0.00,1.00,1.00",,0.00,,
how to use chat gpt to do color analysis,,20,"1.00,1.00,1.00,1.00,1.00,1.00,1.00,1.00,1.00,1.00,0.00,1.00",,0.00,,
how to use chatgpt for color analysis,,20,"0.67,0.67,0.67,0.67,0.33,0.67,0.67,0.67,1.00,1.00,0.67,0.67",,0.00,,
is a color analysis worth it,,20,"0.66,0.66,1.00,0.66,0.66,1.00,0.66,0.66,1.00,0.66,1.00,0.66",,0.00,,
is color analysis a scam,,20,"1.00,1.00,1.00,1.00,1.00,1.00,1.00,1.00,1.00,1.00,1.00,1.00",,0.00,,
is color analysis legit,,20,"0.66,0.66,0.66,0.66,0.66,0.66,0.66,0.66,0.66,0.66,0.66,1.00",,0.00,,
is color analysis racist,,20,"1.00,1.00,1.00,1.00,1.00,1.00,1.00,1.00,1.00,1.00,1.00,1.00",,0.00,,
is personal color analysis real,,20,"1.00,1.00,1.00,1.00,1.00,1.00,1.00,1.00,1.00,1.00,1.00,1.00",,0.00,,
is personal color analysis worth it,,20,"1.00,1.00,1.00,1.00,1.00,1.00,1.00,1.00,1.00,1.00,1.00,1.00",,0.00,,
is seasonal color analysis real,,20,"1.00,1.00,1.00,1.00,1.00,1.00,1.00,1.00,1.00,1.00,1.00,1.00",,0.00,,
is there a free app for color analysis,,20,"1.00,0.50,0.50,0.50,0.50,0.50,0.50,0.50,0.50,0.50,0.50,0.50",,0.00,,
what are the color analysis seasons,,20,"1.00,0.50,1.00,1.00,1.00,1.00,1.00,1.00,1.00,1.00,1.00,1.00",,0.00,,
what are the different color analysis seasons,,20,"0.00,1.00,1.00,1.00,1.00,1.00,1.00,1.00",,0.00,,
what color analysis,,20,"1.00,1.00,1.00,1.00,1.00,1.00,1.00,1.00,1.00,1.00,1.00,1.00",,0.00,,
what colors color analysis,,20,"1.00,1.00,1.00,1.00,1.00,1.00,1.00,1.00,1.00,1.00,1.00,1.00",,0.00,,
what does color analysis mean,,20,"1.00,1.00,1.00,1.00,1.00,1.00,1.00,1.00,1.00,1.00,1.00,1.00",,0.00,,
what is a personal color analysis,,20,"1.00,1.00,1.00,1.00,1.00,1.00,1.00,1.00,1.00,1.00,1.00,1.00",,0.00,,
what is chroma in color analysis,,20,"1.00,1.00,1.00,1.00,1.00,1.00,1.00,1.00,1.00,1.00,1.00,1.00",,0.00,,
what is my color analysis quiz,,20,"1.00,1.00,1.00,1.00,1.00,1.00,1.00,1.00,1.00,1.00,1.00,1.00",,0.53,,
what is my color season analysis,,20,"1.00,1.00,1.00,1.00,1.00,1.00,1.00,1.00,1.00,1.00,1.00,1.00",,0.00,,
what is personal color analysis,,20,"1.00,1.00,1.00,1.00,1.00,1.00,1.00,1.00,1.00,1.00,1.00,1.00",,0.00,,
what is seasonal color analysis,,20,"1.00,1.00,1.00,1.00,1.00,1.00,1.00,1.00,1.00,1.00,1.00,1.00",,0.00,,
what is the color analysis,,20,"1.00,1.00,1.00,1.00,1.00,1.00,1.00,1.00,1.00,1.00,1.00,1.00",,0.00,,
what is the purpose of color analysis,,20,"1.00,1.00,1.00,1.00,1.00,1.00,1.00,1.00,1.00,1.00,1.00,1.00",,0.00,,
what season am i color analysis free,,20,"1.00,1.00,1.00,1.00,1.00,1.00,1.00,1.00,1.00,1.00,1.00,1.00",,0.00,,
what season am i color analysis photo,,20,"1.00,1.00,1.00,1.00,1.00,1.00,1.00,1.00,1.00,1.00,1.00,1.00",,0.00,,
what season are you color analysis,,20,"1.00,1.00,1.00,1.00,1.00,1.00,1.00,1.00,1.00,1.00,1.00,1.00",,0.00,,
what season are you color analysis quiz,,20,"1.00,1.00,1.00,1.00,1.00,1.00,1.00,1.00,1.00,1.00,1.00,1.00",,0.00,,
what to ask chat gpt for color analysis,,20,"1.00,1.00,1.00,1.00,1.00,1.00,1.00,1.00,1.00,1.00,1.00,1.00",,0.00,,
what to ask chatgpt for color analysis,,20,"1.00,1.00,1.00,1.00,1.00,1.00,1.00,1.00,1.00,0.00,0.00,1.00",,0.00,,
what to look for in color analysis,,20,"1.00,1.00,1.00,1.00,1.00,1.00,1.00,1.00,1.00,1.00,1.00,1.00",,0.00,,
what's a color analysis,,20,"0.50,0.50,0.50,0.50,0.00,0.50,1.00,0.50,0.50,0.50,0.50,0.50",,0.00,,
where can i get color analysis,,20,"1.00,1.00,1.00,1.00,1.00,1.00,1.00,1.00,1.00,1.00,1.00,1.00",,0.00,,
where can i get color analysis done near me,,20,"1.00,1.00,1.00,1.00,1.00,1.00,1.00,1.00,1.00,1.00,1.00,1.00",,0.00,,
where can you get a color analysis done,,20,"1.00,1.00,1.00,1.00,1.00,1.00,1.00,1.00,1.00,1.00,1.00,1.00",,0.00,,
where did color analysis originate,,20,"0.66,0.33,1.00,0.33,0.33,0.66,0.66,0.66,0.66,0.66,0.66,0.66",,0.00,,
where to do color analysis,,20,"1.00,1.00,1.00,1.00,1.00,1.00,1.00,1.00,1.00,1.00,1.00,1.00",,0.00,,
where to get a color analysis done near me,,20,"0.50,1.00,1.00,1.00,1.00,1.00,1.00,1.00,1.00",,0.00,,
where to get a personal color analysis,,20,"1.00,1.00,1.00,1.00,1.00,1.00,1.00,1.00,1.00,1.00,1.00,1.00",,0.00,,
where to get my color analysis done near me,,20,"1.00,1.00,1.00,1.00,1.00,1.00,1.00,1.00,1.00,1.00,1.00,1.00",,0.00,,
where to get personal color analysis,,20,"1.00,1.00,1.00,1.00,1.00,1.00,1.00,1.00,1.00,1.00,1.00,0.00",,0.00,,
where to get your color analysis,,20,"1.00,1.00,1.00,1.00,1.00,1.00,1.00,0.00",,0.00,,
where to get your color analysis done,,20,"0.66,0.66,0.66,0.66,0.66,0.66,0.66,0.66,0.66,1.00,0.66,0.66",,0.67,,
where to have color analysis done,,20,"1.00,1.00,1.00,1.00,1.00,1.00,1.00,1.00,1.00",,0.00,,
which color tubes are used for trace metal analysis,,20,"1.00,1.00,1.00,1.00,1.00,1.00,1.00,1.00,1.00,1.00,1.00,1.00",,0.00,,
which season am i color analysis,,20,"1.00,1.00,1.00,1.00,1.00,1.00,1.00,1.00,1.00,1.00,1.00,1.00",,0.51,,
which season are you color analysis,,20,"1.00,1.00,0.00,1.00,1.00,1.00,1.00,1.00,1.00,1.00,1.00,1.00",,0.00,,
which season are you seasonal color analysis,,20,"1.00,1.00,1.00,1.00,1.00,1.00,1.00,1.00,1.00,1.00,1.00,1.00",,0.00,,
which winter am i color analysis,,20,"1.00,1.00,1.00,1.00,1.00,1.00,1.00,1.00,1.00,1.00,1.00,1.00",,0.00,,
who does color analysis,,20,"0.00,0.50,0.50,0.50,1.00,1.00,1.00,1.00,1.00,1.00,1.00,1.00",,0.00,,
who invented seasonal color analysis,,20,"1.00,1.00,1.00,1.00,1.00,1.00,1.00,1.00,1.00,1.00,1.00,1.00",,0.00,,
can ai do a color analysis,,10,"0.00,0.00,0.00,0.00,0.00,0.00,0.00,0.00,1.00,1.00,1.00,1.00",,0.00,,
can ai do color analysis,,10,"0.00,0.00,0.00,0.00,0.00,0.00,1.00,1.00,1.00,1.00,1.00,1.00",,0.00,,
can ai do my color analysis,,10,"0.00,0.00,0.00,0.00,0.00,0.00,1.00,1.00,1.00,1.00,1.00,1.00",,0.00,,
can chat gpt do my color analysis,,10,"0.00,0.00,0.00,0.00,0.00,0.00,1.00,1.00,1.00,1.00,0.00,1.00",,0.00,,
can chatgpt do my color analysis,,10,"0.00,0.00,0.00,0.00,0.00,0.00,1.00,1.00,1.00,1.00,1.00,1.00",,0.00,,
does colorado university have a sports analysis major,,10,"1.00,0.00,0.00",,0.00,,
how accurate is chat gpt color analysis,,10,"0.00,0.00,0.00,0.00,0.00,0.00,1.00,1.00,1.00,1.00,1.00,1.00",,0.00,,
how accurate is chatgpt color analysis,,10,"0.00,0.00,0.00,0.00,0.00,0.00,1.00,1.00,1.00,1.00,1.00,1.00",,0.00,,
how it feels to be colored me analysis essay,,10,"1.00,1.00,0.00,1.00,1.00,0.00,1.00,1.00,0.00,0.00,0.00,0.00",,0.00,,
how it feels to be colored me analysis questions,,10,"1.00,1.00,0.00,0.00,1.00,1.00,1.00,0.00,0.00,0.00,1.00,1.00",,0.00,,
how it feels to be colored me analysis sparknotes,,10,"0.00,0.00,1.00,1.00,1.00,1.00,1.00,0.00,1.00,1.00,0.00,1.00",,0.00,,
how it feels to be colored me literary analysis,,10,"0.00,1.00,1.00,1.00,1.00,1.00,0.00,0.00,0.00,0.00,1.00,1.00",,0.00,,
how it feels to be colored me rhetorical analysis essay,,10,"1.00,0.00,1.00,0.00,1.00,0.00,0.00,0.00,0.00,0.00,0.00,1.00",,0.00,,
how long does color analysis take,,10,"0.00,0.00,0.00,0.00,1.00,1.00,1.00,1.00,1.00,1.00,1.00,1.00",,0.00,,
how much is color analysis in philippines,,10,"1.00,1.00,0.00,1.00,1.00,1.00,0.00,0.00,1.00,0.00,1.00,0.00",,0.00,,
how to ask chat gpt for a color analysis,,10,"0.00,0.00,0.00,0.00,0.00,0.00,1.00,1.00,1.00,1.00,1.00,1.00",,0.00,,
how to ask chat gpt to do a color analysis,,10,"0.00,0.00,0.00,0.00,0.00,0.00,1.00,0.66,0.66,0.00,0.66,0.00",,0.00,,
how to ask chatgpt for a color analysis,,10,"0.00,0.00,0.00,0.00,0.00,1.00,1.00,1.00,1.00,1.00,1.00,1.00",,0.00,,
how to ask chatgpt to do a color analysis,,10,"0.00,0.00,0.00,0.00,0.00,0.00,0.50,0.50,0.50,1.00,1.00,1.00",,0.00,,
how to ask chatgpt to do color analysis,,10,"0.00,0.00,0.00,0.00,0.00,1.00,1.00,1.00,1.00,1.00,1.00,1.00",,0.00,,
how to become a color analysis expert,,10,"0.00,0.00,0.00,0.00,0.00,0.00,0.00,0.00,0.00,1.00,0.50,0.50",,0.00,,
how to become color analysis certified,,10,"0.00,0.00,0.00,0.00,1.00,1.00,1.00,1.00,1.00,1.00,1.00,1.00",,0.84,,
how to do a chat gpt color analysis,,10,"0.00,0.00,0.00,0.00,0.00,1.00,1.00,1.00,1.00,1.00,1.00,1.00",,0.00,,
how to do a color analysis on chatgpt,,10,"0.00,0.00,0.00,0.00,0.00,0.00,0.00,0.00,1.00,0.66,0.66,0.66",,1.29,,
how to do color analysis on chatgpt,,10,"0.00,0.00,0.00,0.00,0.00,0.00,0.00,1.00,1.00,1.00,1.00,1.00",,0.00,,
how to do color analysis on yourself chatgpt,,10,"0.00,0.00,0.00,0.00,0.00,1.00,1.00,1.00,1.00,1.00,0.00,1.00",,0.00,,
how to do color analysis on yourself quiz,,10,"0.00,0.00,1.00,1.00,0.00,1.00,1.00,1.00,0.00,1.00,1.00,0.00",,0.00,,
how to do the chat gpt color analysis,,10,"0.00,0.00,0.00,0.00,0.00,1.00,1.00,1.00,1.00,1.00,1.00,0.00",,0.00,,
how to do the chatgpt color analysis,,10,"0.00,0.00,0.00,0.00,0.00,1.00,1.00,1.00,1.00,1.00,1.00,0.00",,0.00,,
how to find color analysis on facetune,,10,"0.00,0.00,0.00,0.00,0.00,0.00,1.00,1.00,1.00,1.00,1.00,1.00",,0.00,,
how to get chatgpt to do a color analysis,,10,"0.00,0.00,0.00,0.00,0.00,1.00,1.00,1.00,1.00,1.00,1.00,1.00",,0.00,,
how to get my color analysis,,10,"0.00,0.00,0.00,0.00,0.00,1.00,0.50,0.50,0.50,0.50,0.50,0.50",,1.07,,
how to get your color analysis chat gpt,,10,"0.00,1.00,1.00,1.00,0.00,0.00,1.00",,0.00,,
how to match hair color to seasonal color analysis,,10,"1.00,1.00,0.00",,0.00,,
how to use chatgpt to do a color analysis,,10,"0.00,0.00,0.00,0.00,0.00,0.00,1.00,1.00,1.00,1.00,1.00,1.00",,0.00,,
is chat gpt color analysis accurate,,10,"0.00,0.00,0.00,0.00,0.00,0.00,1.00,0.66,0.66,0.66,0.66,0.66",,0.00,,
is chatgpt color analysis accurate,,10,"0.00,0.00,0.00,0.00,0.00,0.50,0.50,0.50,0.50,0.50,1.00,0.50",,0.00,,
is there a free color analysis app,,10,"0.20,0.20,0.20,0.20,0.20,1.00,0.40,0.40,0.20,0.20,0.40,0.40",,0.00,,
what color tube for trace metal analysis,,10,"0.00,0.00,0.00,0.00,0.00,1.00,0.00,1.00,0.00,1.00,0.00,1.00",,0.00,,
what color vacutainer for trace metal analysis,,10,"0.00,0.00,0.00,1.00,1.00,1.00,0.00,1.00,0.00,0.00,0.00,0.00",,0.00,,
what is a color analysis consultant,,10,"0.00,0.00,0.00,0.00,1.00,1.00,1.00,1.00,1.00,1.00,1.00,1.00",,0.00,,
what is your color analysis,,10,1.00,,0.00,,
where can you get a color analysis done near me,,10,"1.00,0.50,0.50,0.00,0.00,0.00,0.00,0.00",,0.00,,
where to do a color analysis,,10,"0.00,0.00,0.00,0.00,0.00,1.00,1.00,1.00,1.00",,0.00,,
where to get color analysis near me,,10,"0.00,0.00,0.00,0.00,0.33,1.00,0.66,0.66,0.66,0.66,0.66,0.66",,0.97,,
why are color analysis so expensive,,10,"0.00,0.00,0.00,0.00,1.00,0.66,0.66,0.66,0.66,0.66,0.66,0.66",,0.00,,
a bar at the folies-berg√®re color analysis,,0,"0.00,0.00,0.00,0.00,0.00,0.00,0.00,0.00,0.00,0.00,0.00",,0.00,,
a color of the sky analysis,,0,"0.00,0.00,0.00,0.00,0.00,0.00,0.00,0.00,0.00,0.00,0.00,0.00",,0.00,,
a color of the sky tony hoagland analysis,,0,"0.00,0.00,0.00,0.00,0.00,0.00,0.00,0.00,0.00,0.00,0.00,0.00",,0.00,,
a comparative analysis on a question of color,,0,"0.00,0.00,0.00,0.00,0.00,0.00,0.00,0.00,0.00,0.00,0.00,0.00",,0.00,,
a literary analysis of color symbolism in the great gatsby,,0,"0.00,0.00,0.00,0.00,0.00,0.00,0.00,0.00,0.00,0.00,0.00,0.00",,0.00,,
a question of color analysis,,0,"0.00,0.00,0.00,0.00,0.00,0.00,0.00,0.00,0.00,0.00,0.00,0.00",,0.00,,
can chat gpt do a color analysis,,0,"0.00,0.00,0.00,0.00,0.00,0.00,0.00,0.00,0.00,0.00,0.00,0.00",,0.00,,
can hair analysis be done if patient colored their hair,,0,"0.00,0.00,0.00,0.00,0.00,0.00,0.00,0.00,0.00,0.00,0.00,0.00",,0.00,,
can regression analysis be used to predict eye color,,0,"0.00,0.00,0.00,0.00,0.00,0.00,0.00,0.00,0.00,0.00,0.00,0.00",,0.00,,
can you do my color analysis,,0,"0.00,0.00,0.00,0.00,0.00",,0.00,,
can you get color analysis done at ulta,,0,"0.00,0.00,0.00,0.00,0.00,0.00,0.00,0.00,0.00,0.00,0.00,0.00",,0.00,,
do color analysis for photo online,,0,"0.00,0.00,0.00,0.00,0.00,0.00,0.00,0.00,0.00,0.00,0.00",,0.00,,
do white candles burn faster than colored candles analysis,,0,"0.00,0.00,0.00,0.00,0.00,0.00,0.00,0.00,0.00,0.00,0.00,0.00",,0.00,,
does soda coloring interfere with spectrophotometric analysis,,0,"0.00,0.00,0.00,0.00,0.00,0.00,0.00,0.00,0.00,0.00,0.00,0.00",,0.00,,
how color analysis works,,0,"0.00,0.00,0.00,0.00,0.00,0.00,0.00,0.00,0.00,0.00,0.00,0.00",,0.00,,
how do i do my color analysis,,0,"0.00,0.00,0.00,0.00,0.00,0.00,0.00,0.00,0.00,0.00,0.00,0.00",,0.00,,
how do you find your color analysis,,0,"0.00,0.00,0.00,0.00,0.00,0.00,0.00,0.00,0.00,0.00",,0.00,,
how effective is color analysis,,0,"0.00,0.00,0.00,0.00,0.00,0.00,0.00,0.00,0.00,0.00,0.00,0.00",,0.00,,
how if feels to be colored me analysis,,0,"0.00,0.00,0.00,0.00,0.00,0.00,0.00,0.00,0.00,0.00,0.00,0.00",,0.00,,
how it feels to be a colored me analysis,,0,"0.00,0.00,0.00,0.00,0.00,0.00,0.00,0.00,0.00,0.00,0.00,0.00",,0.00,,
how it feels to be colored analysis,,0,"0.00,0.00,0.00,0.00,0.00,0.00,0.00,0.00,0.00,0.00,0.00,0.00",,0.00,,
how it feels to be colored me 3 paragraph analysis,,0,"0.00,0.00,0.00,0.00,0.00,0.00,0.00,0.00,0.00,0.00,0.00,0.00",,0.00,,
how it feels to be colored me analysis pdf,,0,"0.00,0.00,0.00,0.00,0.00,0.00,0.00,0.00,0.00,0.00,0.00,0.00",,0.00,,
how it feels to be colored me analysis prezi,,0,"0.00,0.00,0.00,0.00,0.00,0.00,0.00,0.00,0.00,0.00,0.00,0.00",,0.00,,
how it feels to be colored me analysis shmoop,,0,"0.00,0.00,0.00,0.00,0.00,0.00,0.00,0.00,0.00,0.00,0.00,0.00",,0.00,,
how it feels to be colored me analysis thesis,,0,"0.00,0.00,0.00,0.00,0.00,0.00,0.00,0.00,0.00,0.00,0.00,0.00",,0.00,,
how it feels to be colored me brown bag analysis,,0,"0.00,0.00,0.00,0.00,0.00,0.00,0.00,0.00,0.00,0.00,0.00,0.00",,0.00,,
how it feels to be colored me hurston analysis,,0,"0.00,0.00,0.00,0.00,0.00,0.00,0.00,0.00,0.00,0.00,0.00,0.00",,0.00,,
how it feels to be colored me last paragraph analysis,,0,"0.00,0.00,0.00,0.00,0.00,0.00,0.00,0.00,0.00,0.00,0.00,0.00",,0.00,,
how it feels to be colored me literary analysis answers,,0,"0.00,0.00,0.00,0.00,0.00,0.00,0.00,0.00,0.00,0.00,0.00,0.00",,0.00,,
how it feels to be colored me paragraph analysis,,0,"0.00,0.00,0.00,0.00,0.00,0.00,0.00,0.00,0.00,0.00,0.00,0.00",,0.00,,
how it feels to be colored me quote analysis,,0,"0.00,0.00,0.00,0.00,0.00,0.00,0.00,0.00,0.00,0.00,0.00,0.00",,0.00,,
how it feels to be colored me summary and analysis,,0,"0.00,0.00,0.00,0.00,0.00,0.00,0.00,0.00,0.00,0.00,0.00,0.00",,0.00,,
how it feels to be colored me tone analysis,,0,"0.00,0.00,0.00,0.00,0.00,0.00,0.00,0.00,0.00,0.00,0.00,0.00",,0.00,,
how long is color place analysis,,0,"0.00,0.00,0.00,0.00,0.00,0.00,0.00,0.00,0.00,0.00,0.00,0.00",,0.00,,
how much cost to have my color chromatic analysis,,0,"0.00,0.00,0.00,0.00,0.00,0.00,0.00,0.00,0.00,0.00,0.00,0.00",,0.00,,
how much does it cost for a color analysis,,0,"0.00,0.00,0.00,0.00,0.00,0.00,0.00,0.00,0.00,0.00,0.00,0.00",,0.00,,
how much does it cost to get color analysis,,0,"1.00,0.00,0.00,0.00,0.00,0.00,0.00,0.00,0.00,0.00,0.00",,0.00,,
how much for color analysis,,0,"0.00,0.00,0.00,0.00,0.00,0.00,0.00,0.00,0.00,0.00,0.00,0.00",,0.00,,
how much is a professional color analysis,,0,"0.00,0.00,0.00,0.00,0.00,0.00,0.00,0.00,0.00,0.00,0.00,0.00",,0.00,,
how to ai color analysis,,0,"0.00,0.00,0.00,0.00,0.00,0.00,0.00,0.00,0.00,0.00,0.00,0.00",,0.00,,
how to apply color season analysis to goth fashion,,0,"0.00,0.00,0.00,0.00,0.00,0.00,0.00,0.00,0.00,0.00,0.00,0.00",,0.00,,
how to ask chatgpt for your color analysis,,0,"0.00,0.00,0.00,0.00,0.00,0.00,0.00,0.00,0.00,0.00,1.00,1.00",,0.00,,
how to become personal color analysis,,0,"0.00,0.00,0.00,0.00,0.00,0.00,0.00,0.00,0.00,0.00,0.00,0.00",,0.00,,
how to chatgpt color analysis,,0,"0.00,0.00,0.00,1.00,0.00,0.00,0.00,0.00,0.00,0.00,0.00,0.00",,0.00,,
how to color analysis photoshop,,0,"0.00,0.00,0.00,0.00,0.00,0.00,0.00,0.00,0.00,0.00,0.00,0.00",,0.00,,
how to color phylogenetic analysis,,0,"0.00,0.00,0.00,0.00,0.00,0.00,0.00,0.00,0.00,0.00,0.00,0.00",,0.00,,
how to decribe element color in analysis of an art,,0,"0.00,0.00,0.00,0.00,0.00,0.00,0.00,0.00,0.00,0.00,0.00,0.00",,0.00,,
how to determine my color analysis,,0,"0.00,0.00,0.00,0.00,0.00,0.00,0.00,0.00,0.00,0.00,0.00,0.00",,0.00,,
how to determine your intensity in color analysis,,0,"0.00,0.00,0.00,0.00,0.00,0.00,0.00,0.00,0.00,0.00,0.00,0.00",,0.00,,
how to determine your season color analysis,,0,"1.00,1.00,0.00,0.00,0.00,0.00",,0.00,,
how to do a color analysi,,0,"0.00,0.00,0.00,0.00,0.00,0.00,0.00,0.00,0.00,0.00,0.00,0.00",,0.00,,
how to do a color analysis online quiz,,0,"0.00,0.00,0.00,0.00,0.00,0.00,0.00,0.00,0.00,0.00,0.00,0.00",,0.00,,
how to do a market analysis in colorado,,0,"0.00,0.00,0.00,0.00,0.00,0.00,0.00,0.00,0.00,0.00,0.00,0.00",,0.00,,
how to do chat gpt color analysis,,0,"0.00,0.00,0.00,0.00,0.00,0.00,0.00,0.00,0.00,1.00,0.00,0.00",,0.00,,
how to do color analysis chatgpt,,0,"0.00,0.00,0.00,0.00,0.00,0.00,0.00,0.00,0.00,0.00,0.00,0.00",,0.00,,
how to do color analysis in toucdesigner g,,0,"0.00,0.00,0.00,0.00,0.00,0.00,0.00,0.00,0.00,0.00,0.00,0.00",,0.00,,
how to do color analysis using color standard,,0,"0.00,0.00,0.00,0.00,0.00,0.00,0.00,0.00,0.00,0.00,0.00,0.00",,0.00,,
how to do color analysis using color standard in imagej,,0,"0.00,0.00,0.00,0.00,0.00,0.00,0.00,0.00,0.00,0.00,0.00,0.00",,0.00,,
how to do seasonal color analysis,,0,"0.00,0.00,0.00,0.00,0.00,0.00,0.00,0.00,0.00,1.00,0.00,0.00",,0.00,,
how to finally get your color analysis right,,0,"0.00,0.00,0.00,0.00,0.00,0.00,0.00,0.00,0.00,0.00,0.00,0.00",,0.00,,
how to get certified to do color analysis,,0,"0.00,0.00,0.00,0.00,0.00,0.00,0.00,0.00,0.00",,0.00,,
how to get chatgpt to do your color analysis,,0,"0.00,0.00,0.00",,0.00,,
how to get chatgpt to give you a color analysis,,0,"1.00,0.00,0.00,0.00,0.00,0.00,0.00,0.00",,0.00,,
how to get color analysis from chatgpt,,0,"0.00,0.00,0.00,0.00,0.00,0.00,0.00,0.00,0.00,0.00,0.00,0.00",,0.00,,
how to get started with color analysis business,,0,"1.00,0.00,0.00,0.00,0.00,0.00,0.00,0.00,0.00,0.00,0.00",,0.00,,
how to get the color analysis on ansys,,0,"0.00,0.00,0.00,0.00,0.00,0.00,0.00,0.00,0.00,0.00,0.00,0.00",,0.00,,
how to know if you are a spring color analysis,,0,"0.00,0.00,0.00,0.00,0.00,0.00,0.00,0.00,0.00,0.00,0.00,0.00",,0.00,,
how to make a color analysis app,,0,"0.00,0.00,0.00,0.00,0.00,0.00,0.00,0.00,0.00,0.00,0.00,0.00",,0.00,,
how to perform color scale quick analysis excel,,0,"0.00,0.00,0.00,0.00,0.00,0.00,0.00,0.00,0.00,0.00,0.00,0.00",,0.00,,
how to read different color numbers on surface analysis map,,0,"0.00,0.00,0.00,0.00,0.00,0.00,0.00,0.00,0.00,0.00,0.00,0.00",,0.00,,
how to save stress analysis colors on obj,,0,"0.00,0.00,0.00,0.00,0.00,0.00,0.00,0.00,0.00,0.00,0.00,0.00",,0.00,,
how to self color analysis,,0,"0.00,0.00,0.00,0.00,0.00,0.00,0.00,0.00,0.00,0.00,0.00,0.00",,0.00,,
how to start a color analysis business,,0,"1.00,0.00,0.00,0.00,0.00,0.00,0.00",,0.00,,
how to talk about color in formal analysis,,0,"0.00,0.00,0.00,0.00,0.00,0.00,0.00,0.00,0.00,0.00,0.00,0.00",,0.00,,
how to transition closet after color analysis,,0,"0.00,0.00,0.00,0.00,0.00,0.00,0.00,0.00,0.00,0.00,0.00,0.00",,0.00,,
how to use chat gpt to do a color analysis,,0,"0.00,0.00,0.00,0.00,0.00,0.00,0.00",,0.00,,
how to use chat gpt to get color analysis,,0,"0.00,0.00,0.00,0.00,0.00",,0.00,,
how to use chatgpt to do color analysis,,0,"0.00,0.00,0.00,0.00,0.00,0.00,0.00,0.00,0.00,0.00,0.00,0.00",,0.00,,
how to use imagej for color analysis,,0,"0.00,0.00,0.00,0.00,0.00,0.00,0.00,0.00,0.00,0.00,0.00,0.00",,0.00,,
is color analysis subjective,,0,"1.00,0.00,0.00,0.00,0.00,0.00,0.00",,0.00,,
is color qualitative analysis,,0,"0.00,0.00,0.00,0.00,0.00,0.00,0.00,0.00,0.00,0.00,0.00,0.00",,0.00,,
is transmisogyny killing women of color analysis,,0,"0.00,0.00,0.00,0.00,0.00,0.00,0.00,0.00,0.00,0.00,0.00,0.00",,0.00,,
should i use color analysis,,0,"0.00,0.00,0.00,0.00,0.00,0.00,0.00,0.00,0.00,0.00,0.00,0.00",,0.00,,
what are good colors for an autumn color analysis,,0,"0.00,0.00,0.00,0.00,0.00,0.00,0.00,0.00,0.00,0.00,0.00,0.00",,0.00,,
what are the color analysis palettes,,0,"0.00,0.00,0.00,0.00,0.00,0.00,0.00,0.00,0.00,0.00,0.00,0.00",,0.00,,
what are the colors used for rule issue analysis conclusion,,0,"0.00,0.00,0.00,0.00,0.00,0.00,0.00,0.00,0.00,0.00,0.00,0.00",,0.00,,
what are the seasons for color analysis,,0,"0.00,0.00,0.00,0.00",,0.00,,
what color are my eyes analysis,,0,"0.00,0.00,0.00,0.00,0.00,0.00,0.00,0.00,0.00,0.00,0.00,0.00",,0.00,,
what color do urine analysis strips go when in ketosis,,0,"0.00,0.00,0.00,0.00,0.00,0.00,0.00,0.00,0.00,0.00,0.00,0.00",,0.00,,
what color is the analysis paragraph,,0,"0.00,0.00,0.00,0.00,0.00,0.00,0.00,0.00,0.00,0.00,0.00,0.00",,0.00,,
what color is the dress analysis,,0,"0.00,0.00,0.00,0.00,0.00,0.00,0.00,0.00,0.00,0.00,0.00,0.00",,0.00,,
what color is your parachute budget analysis,,0,"0.00,0.00,0.00,0.00,0.00,0.00,0.00,0.00,0.00,0.00,0.00,0.00",,0.00,,
what color tube for chromosome analysis,,0,"0.00,0.00,0.00,0.00,0.00,0.00,0.00,0.00,0.00,0.00,0.00,0.00",,0.00,,
what color tube is used for chromosome analysis,,0,"0.00,0.00,0.00,0.00,0.00,0.00,0.00,0.00,0.00,0.00,0.00,0.00",,0.00,,
what color vacutainer would you use for trace metal analysis,,0,"0.00,0.00,0.00,0.00,0.00,0.00,0.00,0.00,0.00,0.00,0.00,0.00",,0.00,,
what do artists think about color analysis,,0,"0.00,0.00,0.00,0.00,0.00,0.00,0.00,0.00,0.00,0.00,0.00,0.00",,0.00,,
what do colors mean on mobitee swing analysis,,0,"0.00,0.00,0.00,0.00,0.00,0.00,0.00,0.00,0.00,0.00,0.00,0.00",,0.00,,
what do different colors represent in flow cytometry analysis,,0,"0.00,0.00,0.00,0.00,0.00,0.00,0.00,0.00,0.00,0.00,0.00,0.00",,0.00,,
what does a color analysis do,,0,"1.00,0.00,0.00,1.00,0.00,0.00,0.00",,0.00,,
what does the analysis say about the color psychology,,0,"0.00,0.00,0.00,0.00,0.00,0.00,0.00,0.00,0.00,0.00,0.00,0.00",,0.00,,
what dreams may come color analysis,,0,"0.00,0.00,0.00,0.00,0.00,0.00,0.00,0.00,0.00,0.00,0.00,0.00",,0.00,,
what is a color test in drug analysis,,0,"0.00,0.00,0.00,0.00,0.00,0.00,0.00,0.00,0.00,0.00,0.00,0.00",,0.00,,
what is a toned winter color analysis,,0,"0.00,0.00,0.00,0.00,0.00,0.00,0.00,0.00,0.00,0.00,0.00,0.00",,0.00,,
what is color analysis for,,0,"0.00,0.00,0.00,0.00,0.00,0.00,0.00,0.00,0.00,0.00,0.00,0.00",,0.00,,
what is color analysis for kids,,0,"0.00,0.00,0.00,0.00,0.00,0.00,0.00,0.00,0.00,0.00,0.00,0.00",,0.00,,
what is color season analysis,,0,"0.00,0.00,0.00,0.00",,0.00,,
what is value in color analysis,,0,"0.00,0.00,0.00,0.00,0.00,0.00,0.00,0.00,0.00,0.00,0.00,0.00",,0.00,,
what is your season color analysis,,0,"0.00,0.00,0.00,0.00,0.00,0.00,0.00,0.00,0.00,0.00,0.00,0.00",,0.00,,
what it feels like to be colored me analysis,,0,"0.00,0.00,0.00,0.00,0.00,0.00,0.00,0.00,0.00,0.00,0.00,0.00",,0.00,,
what it feels to be colored me analysis,,0,"0.00,0.00,0.00,0.00,0.00,0.00,0.00,0.00,0.00,0.00,0.00,0.00",,0.00,,
what personal color analysis systems are based on sci art,,0,"0.00,0.00,0.00,0.00,0.00,0.00,0.00,0.00,0.00,0.00,0.00,0.00",,0.00,,
what season color analysis looks good with rose gold,,0,"0.00,0.00,0.00,0.00,0.00,0.00,0.00,0.00,0.00,0.00,0.00,0.00",,0.00,,
what statistical analysis test to do for favorite color,,0,"0.00,0.00,0.00,0.00,0.00,0.00,0.00,0.00,0.00,0.00,0.00,0.00",,0.00,,
what type of analysis for film using color,,0,"0.00,0.00,0.00,0.00,0.00,0.00,0.00,0.00,0.00,0.00,0.00,0.00",,0.00,,
what winter colors can summer color analysis,,0,"1.00,0.00,0.00,0.00,0.00,0.00,0.00,0.00,0.00,0.00,0.00,0.00",,0.00,,
when dey listed colored soldiers analysis,,0,"0.00,0.00,0.00,0.00,0.00,0.00,0.00,0.00,0.00,0.00,0.00,0.00",,0.00,,
when dey listed colored soldiers paul laurence dunbar's analysis,,0,"0.00,0.00,0.00,0.00,0.00,0.00,0.00,0.00,0.00,0.00,0.00,0.00",,0.00,,
when did color analysis become popular,,0,"0.00,0.00,0.00,0.00,0.00,0.00,0.00,0.00,0.00,0.00,0.00,0.00",,0.00,,
where can i buy draping fabrics for color analysis,,0,"0.00,0.00,0.00,0.00,0.00,0.00,0.00,0.00,0.00,0.00,0.00,0.00",,0.00,,
where can i do a color analysis near me,,0,"0.00,0.00",,0.00,,
where did jisoo get her color analysis,,0,"0.00,0.00,0.00,0.00,0.00,0.00,0.00,0.00,0.00,0.00,0.00,0.00",,0.00,,
where to get a color analysis boston,,0,"0.00,0.00,0.00,0.00,0.00,0.00,0.00,0.00,0.00,0.00,0.00,0.00",,0.00,,
where to get a color analysis in seoul,,0,"0.00,0.00,0.00,0.00,0.00,0.00,0.00,0.00,0.00,0.00,0.00,0.00",,0.00,,
where to get color analysis nh,,0,"0.00,0.00,0.00,0.00,0.00,0.00,0.00,0.00,0.00,0.00,0.00,0.00",,0.00,,
where to get my color analysis done,,0,"0.00,0.00,0.00,0.00,0.00,0.00,0.00,0.00,0.00,0.00,1.00,0.50",,0.00,,
where to get personal color analysis korea,,0,"0.00,0.00,0.00,0.00,0.00,0.00,0.00,0.00,0.00,0.00,0.00,0.00",,0.00,,
where to get your color analysis done near me,,0,"0.00,0.00,0.00,0.00,0.00,0.50,1.00,0.50,0.00,0.00,0.00,0.00",,0.00,,
which color blood vial is used for dna analysis,,0,"0.00,0.00,0.00,0.00,0.00,0.00,0.00,0.00,0.00,0.00,0.00,0.00",,0.00,,
which color is to be tabooed next analysis,,0,"0.00,0.00,0.00,0.00,0.00,0.00,0.00,0.00,0.00,0.00,0.00,0.00",,0.00,,
which seasonal color analysis has a lot of mauve,,0,"0.00,0.00,0.00,0.00,0.00,0.00,0.00,0.00,0.00,0.00,0.00,0.00",,0.00,,
who designed the colorbreeze system of color analysis,,0,"0.00,0.00,0.00,0.00,0.00,0.00,0.00,0.00,0.00,0.00,0.00,0.00",,0.00,,
who does color analysis in worcester ma area,,0,"0.00,0.00,0.00,0.00,0.00,0.00,0.00,0.00,0.00,0.00,0.00,0.00",,0.00,,
who does personal color analysis in austin,,0,"0.00,0.00,0.00,0.00,0.00,0.00,0.00,0.00,0.00,0.00,0.00,0.00",,0.00,,
why 12 season color analysis is bs,,0,"0.00,0.00,0.00,0.00,0.00,0.00,0.00,0.00,0.00,0.00,0.00,0.00",,0.00,,
why 12 season color analysis is bs by meriam style,,0,"0.00,0.00,0.00,0.00,0.00,0.00,0.00,0.00,0.00,0.00,0.00,0.00",,0.00,,
why are car photos bad for seasonal color analysis,,0,"0.00,0.00,0.00,0.00,0.00,0.00,0.00,0.00,0.00,0.00,0.00,0.00",,0.00,,
why can't environmentalism be color blind rhetorical analysis,,0,"0.00,0.00,0.00,0.00,0.00,0.00,0.00,0.00,0.00,0.00,0.00,0.00",,0.00,,
why can't environmentalism be color blind rhetorical analysis pezi,,0,"0.00,0.00,0.00,0.00,0.00,0.00,0.00,0.00,0.00,0.00,0.00,0.00",,0.00,,
why can't environmentalism be color blind rhetorical analysis prezi,,0,"0.00,0.00,0.00,0.00,0.00,0.00,0.00,0.00,0.00,0.00,0.00,0.00",,0.00,,
why is color analysis important,,0,"0.00,0.00,0.00,0.00,0.00,0.00,0.00,0.00,0.00,0.00,0.00,0.00",,0.00,,
why is color used for water analysis,,0,"0.00,0.00,0.00,0.00,0.00,0.00,0.00,0.00,0.00,0.00,0.00,0.00",,0.00,,
why leaves turn color in the fall analysis,,0,"0.00,0.00,0.00,0.00,0.00,0.00,0.00,0.00,0.00,0.00,0.00,0.00",,0.00,,
why leaves turn color in the fall text analysis answers,,0,"0.00,0.00,0.00,0.00,0.00,0.00,0.00,0.00,0.00,0.00,0.00,0.00",,0.00,,
why radiation analysis wont show proper color in rhino,,0,"0.00,0.00,0.00,0.00,0.00,0.00,0.00,0.00,0.00,0.00,0.00,0.00",,0.00,,
why the color purple is important rhetorical analysis,,0,"0.00,0.00,0.00,0.00,0.00,0.00,0.00,0.00,0.00,0.00,0.00,0.00",,0.00,,
why the myth of meritocracy hurts kids of color analysis,,0,"0.00,0.00,0.00,0.00,0.00,0.00,0.00,0.00,0.00,0.00,0.00,0.00",,0.00,,
